{"cameraMode":{"drawMode":0,"name":"Shaded","section":"Shading Mode"},"sceneLighting":false,"audioPlay":false,"sceneViewState":{"m_AlwaysRefresh":false,"showFog":true,"showSkybox":false,"showFlares":true,"showImageEffects":true,"showParticleSystems":true,"showVisualEffectGraphs":true,"m_FxEnabled":true},"in2DMode":false,"pivot":{"x":2.0271263122558595,"y":1.0000004768371583,"z":6.577785491943359},"rotation":{"x":-0.032950423657894137,"y":-0.9556956887245178,"z":0.267905056476593,"w":-0.11756078898906708},"size":0.8660253882408142,"orthographic":false}