{"cameraMode":{"drawMode":0,"name":"Shaded","section":"Shading Mode"},"sceneLighting":true,"audioPlay":false,"sceneViewState":{"m_AlwaysRefresh":false,"showFog":true,"showSkybox":true,"showFlares":true,"showImageEffects":true,"showParticleSystems":true,"showVisualEffectGraphs":true,"m_FxEnabled":true},"in2DMode":false,"pivot":{"x":3.8016655445098879,"y":5.986030101776123,"z":17.344623565673829},"rotation":{"x":-0.032950423657894137,"y":-0.9556956887245178,"z":0.267905056476593,"w":-0.11756078898906708},"size":1.2225641012191773,"orthographic":false}