{"cameraMode":{"drawMode":0,"name":"Shaded","section":"Shading Mode"},"sceneLighting":true,"audioPlay":false,"sceneViewState":{"m_AlwaysRefresh":false,"showFog":true,"showSkybox":true,"showFlares":true,"showImageEffects":true,"showParticleSystems":true,"showVisualEffectGraphs":true,"m_FxEnabled":true},"in2DMode":false,"pivot":{"x":-4.819002628326416,"y":14.80935001373291,"z":21.017108917236329},"rotation":{"x":-0.004341282416135073,"y":-0.9682062268257141,"z":0.2496069073677063,"w":-0.016843335703015329},"size":0.9156224131584168,"orthographic":false}